1,Teaching at Government School,2019-02-01,Chennai
2,Teaching at Government School,2019-06-12,Chennai
3,Teaching at Government School,2019-08-26,Chennai
4,Teaching at Government School,2019-09-10,Chennai
5,Teaching at Government School,2020-02-12,Chennai
6,Sapling plantation,2019-02-14,Chennai
7,Sapling plantation,2019-05-12,Chennai
8,Sapling plantation,2019-07-26,Chennai
9,Sapling plantation,2019-09-26,Chennai
10,Sapling plantation,2020-01-12,Chennai
11,Lake cleaning,2019-01-14,Chennai
12,Lake cleaning,2019-03-12,Chennai
13,Lake cleaning,2019-09-26,Chennai
14,Lake cleaning,2019-12-26,Chennai
15,Lake cleaning,2020-01-06,Chennai
16,Old Age Home visit,2019-01-14,Chennai
17,Old Age Home visit,2019-02-14,Chennai
18,Old Age Home visit,2019-03-12,Chennai
19,Old Age Home visit,2019-09-26,Chennai
20,Old Age Home visit,2020-03-12,Chennai
21,Teaching at Government School,2019-02-01,Coimbatore
22,Teaching at Government School,2019-08-26,Coimbatore
23,Teaching at Government School,2020-02-12,Coimbatore
24,Sapling plantation,2019-05-12,Coimbatore
25,Sapling plantation,2019-07-26,Coimbatore
26,Sapling plantation,2020-01-12,Coimbatore
27,Lake cleaning,2019-01-14,Coimbatore
28,Lake cleaning,2019-09-26,Coimbatore
29,Lake cleaning,2020-01-06,Coimbatore
30,Old Age Home visit,2019-03-12,Coimbatore
31,Old Age Home visit,2019-09-26,Coimbatore
32,Old Age Home visit,2020-03-12,Coimbatore
33,Teaching at Government School,2019-02-01,Bangalore
34,Teaching at Government School,2019-06-12,Bangalore
35,Teaching at Government School,2019-08-26,Bangalore
36,Teaching at Government School,2020-02-12,Bangalore
37,Sapling plantation,2019-02-14,Bangalore
38,Sapling plantation,2019-05-12,Bangalore
39,Sapling plantation,2020-01-12,Bangalore
40,Lake cleaning,2019-01-14,Bangalore
41,Lake cleaning,2019-03-12,Bangalore
42,Lake cleaning,2019-09-26,Bangalore
43,Lake cleaning,2020-01-06,Bangalore
44,Old Age Home visit,2019-01-14,Bangalore
45,Old Age Home visit,2019-09-26,Bangalore
46,Old Age Home visit,2020-03-12,Bangalore
47,Teaching at Government School,2020-02-12,Mumbai
48,Sapling plantation,2019-02-14,Mumbai
49,Sapling plantation,2019-05-12,Mumbai
50,Sapling plantation,2019-09-26,Mumbai
51,Sapling plantation,2020-01-12,Mumbai
52,Lake cleaning,2019-01-14,Mumbai
53,Lake cleaning,2019-03-12,Mumbai
54,Lake cleaning,2019-12-26,Mumbai
55,Lake cleaning,2020-01-06,Mumbai
56,Old Age Home visit,2019-02-14,Mumbai
57,Old Age Home visit,2019-03-12,Mumbai
58,Old Age Home visit,2019-09-26,Mumbai
59,Old Age Home visit,2020-03-12,Mumbai
60,Teaching at Government School,2019-02-01,Kolkata
61,Teaching at Government School,2019-08-26,Kolkata
62,Teaching at Government School,2019-09-10,Kolkata
63,Teaching at Government School,2020-02-12,Kolkata
64,Sapling plantation,2019-02-14,Kolkata
65,Sapling plantation,2019-05-12,Kolkata
66,Sapling plantation,2019-07-26,Kolkata
67,Sapling plantation,2019-09-26,Kolkata
68,Sapling plantation,2020-01-12,Kolkata
69,Lake cleaning,2019-01-14,Kolkata
70,Lake cleaning,2019-03-12,Kolkata
71,Lake cleaning,2019-09-26,Kolkata
72,Lake cleaning,2019-12-26,Kolkata
73,Lake cleaning,2020-01-06,Kolkata
74,Old Age Home visit,2019-01-14,Kolkata
75,Old Age Home visit,2019-03-12,Kolkata
76,Old Age Home visit,2019-09-26,Kolkata
77,Old Age Home visit,2020-03-12,Kolkata
78,Teaching at Government School,2019-02-01,Cochin
79,Teaching at Government School,2019-08-26,Cochin
80,Teaching at Government School,2019-09-10,Cochin
81,Sapling plantation,2019-02-14,Cochin
82,Sapling plantation,2019-05-12,Cochin
83,Sapling plantation,2019-07-26,Cochin
84,Sapling plantation,2019-09-26,Cochin
85,Sapling plantation,2020-01-12,Cochin
86,Lake cleaning,2019-01-14,Cochin
87,Lake cleaning,2019-03-12,Cochin
88,Lake cleaning,2019-09-26,Cochin
89,Lake cleaning,2019-12-26,Cochin
90,Lake cleaning,2020-01-06,Cochin
91,Old Age Home visit,2019-01-14,Cochin
92,Old Age Home visit,2019-03-12,Cochin
93,Old Age Home visit,2019-09-26,Cochin
94,Old Age Home visit,2020-03-12,Cochin
